<?xml version="1.0" encoding="utf-8"?>
<china dn="day">
  <city quName="北京" pyName="beijing" cityname="北京" />
  <city quName="天津" pyName="tianjin" cityname="天津" />
  <city quName="上海" pyName="shanghai" cityname="上海" />
  <city quName="重庆" pyName="chongqing" cityname="重庆" />
  <city quName="安徽" pyName="anhui" cityname="合肥" />
  <city quName="福建" pyName="fujian" cityname="福州" />
  <city quName="甘肃" pyName="gansu" cityname="兰州" />
  <city quName="广东" pyName="guangdong" cityname="广州" />
  <city quName="广西" pyName="guangxi" cityname="南宁" />
  <city quName="贵州" pyName="guizhou" cityname="贵阳" />
  <city quName="河北" pyName="hebei" cityname="石家庄" />
  <city quName="河南" pyName="henan" cityname="郑州" />
  <city quName="黑龙江" pyName="heilongjiang" cityname="哈尔滨" />
  <city quName="湖北" pyName="hubei" cityname="武汉" />
  <city quName="湖南" pyName="hunan" cityname="长沙" />
  <city quName="吉林" pyName="jilin" cityname="长春" />
  <city quName="江苏" pyName="jiangsu" cityname="南京" />
  <city quName="江西" pyName="jiangxi" cityname="南昌" />
  <city quName="辽宁" pyName="liaoning" cityname="沈阳" />
  <city quName="山东" pyName="shandong" cityname="济南" />
  <city quName="山西" pyName="shanxi" cityname="太原" />
  <city quName="内蒙古" pyName="neimenggu" cityname="呼和浩特" />
  <city quName="新疆" pyName="xinjiang" cityname="乌鲁木齐" />
  <city quName="西藏" pyName="xizang" cityname="拉萨" />
  <city quName="青海" pyName="qinghai" cityname="西宁" />
  <city quName="宁夏" pyName="ningxia" cityname="银川" />
  <city quName="陕西" pyName="sanxi" cityname="西安" />
  <city quName="四川" pyName="sichuan" cityname="成都" />
  <city quName="云南" pyName="yunnan" cityname="昆明" />
  <city quName="浙江" pyName="zhejiang" cityname="杭州" />
  <city quName="海南" pyName="hainan" cityname="海口" />
  <city quName="香港" pyName="xianggang" cityname="香港" />
  <city quName="澳门" pyName="aomen" cityname="澳门" />
  <city quName="台湾" pyName="taiwan" cityname="台北" />
</china>
